<?xml version="1.0" encoding="UTF-8"?>
<project-private xmlns="http://www.netbeans.org/ns/project-private/1">
    <editor-bookmarks xmlns="http://www.netbeans.org/ns/editor-bookmarks/2" lastBookmarkId="2">
        <file>
            <url>src/modelo/Convolucion.java</url>
            <bookmark id="2">
                <name/>
                <line>150</line>
                <key/>
            </bookmark>
        </file>
    </editor-bookmarks>
    <open-files xmlns="http://www.netbeans.org/ns/projectui-open-files/2">
        <group>
            <file>file:/C:/Users/jhona/Desktop/ESCOM_4/PDI/Vazquez_Perez_AngelMartin_practica9_4BV1_dep02/practica9/practica9/src/modelo/ImageBufferedImage.java</file>
            <file>file:/C:/Users/jhona/Desktop/ESCOM_4/PDI/Vazquez_Perez_AngelMartin_practica9_4BV1_dep02/practica9/practica9/src/modelo/Ruido.java</file>
            <file>file:/C:/Users/jhona/Desktop/ESCOM_4/PDI/Vazquez_Perez_AngelMartin_practica9_4BV1_dep02/practica9/practica9/src/vista/PanelRuido.java</file>
            <file>file:/C:/Users/jhona/Desktop/ESCOM_4/PDI/Vazquez_Perez_AngelMartin_practica9_4BV1_dep02/practica9/practica9/src/vista/PanelFiltroNoLineal.java</file>
            <file>file:/C:/Users/jhona/Desktop/ESCOM_4/PDI/Vazquez_Perez_AngelMartin_practica9_4BV1_dep02/practica9/practica9/src/vista/FrameImagen.java</file>
        </group>
    </open-files>
</project-private>
