<?xml version="1.0" encoding="UTF-8"?>
<project-private xmlns="http://www.netbeans.org/ns/project-private/1">
    <editor-bookmarks xmlns="http://www.netbeans.org/ns/editor-bookmarks/2" lastBookmarkId="29">
        <file>
            <url>src/vista/PanelHistograma.java</url>
            <bookmark id="6">
                <name/>
                <line>0</line>
                <key/>
            </bookmark>
            <bookmark id="9">
                <name/>
                <line>0</line>
                <key/>
            </bookmark>
            <bookmark id="20">
                <name/>
                <line>0</line>
                <key/>
            </bookmark>
            <bookmark id="27">
                <name/>
                <line>0</line>
                <key/>
            </bookmark>
            <bookmark id="28">
                <name/>
                <line>0</line>
                <key/>
            </bookmark>
            <bookmark id="29">
                <name/>
                <line>0</line>
                <key/>
            </bookmark>
            <bookmark id="21">
                <name/>
                <line>0</line>
                <key/>
            </bookmark>
            <bookmark id="22">
                <name/>
                <line>0</line>
                <key/>
            </bookmark>
            <bookmark id="23">
                <name/>
                <line>0</line>
                <key/>
            </bookmark>
            <bookmark id="17">
                <name/>
                <line>0</line>
                <key/>
            </bookmark>
            <bookmark id="18">
                <name/>
                <line>0</line>
                <key/>
            </bookmark>
            <bookmark id="24">
                <name/>
                <line>0</line>
                <key/>
            </bookmark>
            <bookmark id="25">
                <name/>
                <line>0</line>
                <key/>
            </bookmark>
            <bookmark id="26">
                <name/>
                <line>0</line>
                <key/>
            </bookmark>
            <bookmark id="16">
                <name/>
                <line>0</line>
                <key/>
            </bookmark>
            <bookmark id="15">
                <name/>
                <line>0</line>
                <key/>
            </bookmark>
            <bookmark id="11">
                <name/>
                <line>0</line>
                <key/>
            </bookmark>
            <bookmark id="12">
                <name/>
                <line>0</line>
                <key/>
            </bookmark>
            <bookmark id="13">
                <name/>
                <line>0</line>
                <key/>
            </bookmark>
            <bookmark id="14">
                <name/>
                <line>0</line>
                <key/>
            </bookmark>
        </file>
        <file>
            <url>src/modelo/ImageBufferedImage.java</url>
            <bookmark id="1">
                <name/>
                <line>90</line>
                <key/>
            </bookmark>
        </file>
    </editor-bookmarks>
    <open-files xmlns="http://www.netbeans.org/ns/projectui-open-files/2">
        <group>
            <file>file:/C:/Users/jhona/Desktop/ESCOM_4/PDI/Vazquez_Perez_AngelMartin_practica3_4BV1_dep01/practica3/practica3/src/vista/FrameCompleto.java</file>
            <file>file:/C:/Users/jhona/Desktop/ESCOM_4/PDI/Vazquez_Perez_AngelMartin_practica3_4BV1_dep01/practica3/practica3/src/vista/PanelConversor.java</file>
            <file>file:/C:/Users/jhona/Desktop/ESCOM_4/PDI/Vazquez_Perez_AngelMartin_practica3_4BV1_dep01/practica3/practica3/src/vista/FrameImagenManipulacion.java</file>
            <file>file:/C:/Users/jhona/Desktop/ESCOM_4/PDI/Vazquez_Perez_AngelMartin_practica3_4BV1_dep01/practica3/practica3/src/modelo/ConversorRGB.java</file>
            <file>file:/C:/Users/jhona/Desktop/ESCOM_4/PDI/Vazquez_Perez_AngelMartin_practica3_4BV1_dep01/practica3/practica3/src/modelo/RGBtoHSI.java</file>
            <file>file:/C:/Users/jhona/Desktop/ESCOM_4/PDI/Vazquez_Perez_AngelMartin_practica3_4BV1_dep01/practica3/practica3/src/modelo/ConversortoRGB.java</file>
            <file>file:/C:/Users/jhona/Desktop/ESCOM_4/PDI/Vazquez_Perez_AngelMartin_practica3_4BV1_dep01/practica3/practica3/src/vista/PanelConversion.java</file>
        </group>
    </open-files>
</project-private>
