<?xml version="1.0" encoding="UTF-8"?>
<project-private xmlns="http://www.netbeans.org/ns/project-private/1">
    <editor-bookmarks xmlns="http://www.netbeans.org/ns/editor-bookmarks/2" lastBookmarkId="0"/>
    <open-files xmlns="http://www.netbeans.org/ns/projectui-open-files/2">
        <group>
            <file>file:/C:/Users/jhona/Desktop/ESCOM_4/PDI/Vazquez_Perez_AngelMartin_practica6_4BV1_dep02/practica6/practica6/src/practica6/Practica6.java</file>
            <file>file:/C:/Users/jhona/Desktop/ESCOM_4/PDI/Vazquez_Perez_AngelMartin_practica6_4BV1_dep02/practica6/practica6/src/modelo/ModificacionHistograma1.java</file>
            <file>file:/C:/Users/jhona/Desktop/ESCOM_4/PDI/Vazquez_Perez_AngelMartin_practica6_4BV1_dep02/practica6/practica6/src/vista/PanelModificacion1.java</file>
            <file>file:/C:/Users/jhona/Desktop/ESCOM_4/PDI/Vazquez_Perez_AngelMartin_practica6_4BV1_dep02/practica6/practica6/src/vista/PanelEqualizacion.java</file>
            <file>file:/C:/Users/jhona/Desktop/ESCOM_4/PDI/Vazquez_Perez_AngelMartin_practica6_4BV1_dep02/practica6/practica6/src/modelo/Equalizacion.java</file>
        </group>
    </open-files>
</project-private>
