<?xml version="1.0" encoding="UTF-8"?>
<project-private xmlns="http://www.netbeans.org/ns/project-private/1">
    <editor-bookmarks xmlns="http://www.netbeans.org/ns/editor-bookmarks/2" lastBookmarkId="2">
        <file>
            <url>src/modelo/Convolucion.java</url>
            <bookmark id="2">
                <name/>
                <line>150</line>
                <key/>
            </bookmark>
        </file>
    </editor-bookmarks>
    <open-files xmlns="http://www.netbeans.org/ns/projectui-open-files/2">
        <group>
            <file>file:/C:/Users/jhona/Desktop/ESCOM_4/PDI/Vazquez_Perez_AngelMartin_practica8_4BV1_dep02/practica8/practica8/src/vista/FrameImagen.java</file>
            <file>file:/C:/Users/jhona/Desktop/ESCOM_4/PDI/Vazquez_Perez_AngelMartin_practica8_4BV1_dep02/practica8/practica8/src/vista/CargarImagen.java</file>
            <file>file:/C:/Users/jhona/Desktop/ESCOM_4/PDI/Vazquez_Perez_AngelMartin_practica8_4BV1_dep02/practica8/practica8/src/vista/PanelPasaBajas.java</file>
            <file>file:/C:/Users/jhona/Desktop/ESCOM_4/PDI/Vazquez_Perez_AngelMartin_practica8_4BV1_dep02/practica8/practica8/src/modelo/Canny.java</file>
            <file>file:/C:/Users/jhona/Desktop/ESCOM_4/PDI/Vazquez_Perez_AngelMartin_practica8_4BV1_dep02/practica8/practica8/src/vista/FrameCompleto.java</file>
            <file>file:/C:/Users/jhona/Desktop/ESCOM_4/PDI/Vazquez_Perez_AngelMartin_practica8_4BV1_dep02/practica8/practica8/src/vista/PanelPasaAltas.java</file>
            <file>file:/C:/Users/jhona/Desktop/ESCOM_4/PDI/Vazquez_Perez_AngelMartin_practica8_4BV1_dep02/practica8/practica8/src/modelo/Convolucion.java</file>
            <file>file:/C:/Users/jhona/Desktop/ESCOM_4/PDI/Vazquez_Perez_AngelMartin_practica8_4BV1_dep02/practica8/practica8/src/vista/CanvasImagen.java</file>
            <file>file:/C:/Users/jhona/Desktop/ESCOM_4/PDI/Vazquez_Perez_AngelMartin_practica8_4BV1_dep02/practica8/practica8/src/vista/FrameUmbral.java</file>
            <file>file:/C:/Users/jhona/Desktop/ESCOM_4/PDI/Vazquez_Perez_AngelMartin_practica8_4BV1_dep02/practica8/practica8/src/vista/PanelMascarasAltas.java</file>
            <file>file:/C:/Users/jhona/Desktop/ESCOM_4/PDI/Vazquez_Perez_AngelMartin_practica8_4BV1_dep02/practica8/practica8/src/vista/PanelMascarasBajas.java</file>
            <file>file:/C:/Users/jhona/Desktop/ESCOM_4/PDI/Vazquez_Perez_AngelMartin_practica8_4BV1_dep02/practica8/practica8/src/practica8/Practica8.java</file>
        </group>
    </open-files>
</project-private>
